Model,Correlation,Std_Model,Std_Ref,TSS,Rank
NESM3,0.9876282935228695,7.167139904676414,7.434565292921982,0.887867803112552,1
KIOST-ESM,0.9870878063195938,7.583572252960677,7.434565292921982,0.8843633456477539,2
MPI-ESM-1-2-HAM,0.9863230861292517,7.208150728059406,7.434565292921982,0.8828499875614861,3
EC-Earth3-CC,0.98791336850144,8.078310380914308,7.434565292921982,0.8700694716148659,4
AWI-ESM-1-1-LR,0.9845016293290585,6.9056917635445325,7.434565292921982,0.8698996315027533,5
ACCESS-CM2,0.9821735402201055,7.493770816201087,7.434565292921982,0.8658354342003716,6
SAM0-UNICON,0.9793374498544125,7.483741083734458,7.434565292921982,0.8557048238153346,7
CESM2-WACCM,0.9783968735311376,6.952663250244834,7.434565292921982,0.8506561338863249,8
FGOALS-f3-L,0.9773045402284157,7.625032366182975,7.434565292921982,0.846360592694053,9
CMCC-CM2-HR4,0.9767191759009889,7.56189011990013,7.434565292921982,0.8456426744846269,10
GFDL-ESM4,0.9792099151233334,8.082404781025607,7.434565292921982,0.8375244670157705,11
IITM-ESM,0.9703139553759241,7.278498360873592,7.434565292921982,0.8288766334515737,12
ACCESS-ESM1-5,0.9687660278012666,7.293096289257276,7.434565292921982,0.8244418106600403,13
IPSL-CM6A-LR,0.9754207639326499,8.262935622240725,7.434565292921982,0.8169009417011522,14
TaiESM1,0.9625401653367914,7.56675421408729,7.434565292921982,0.8043371466366144,15
INM-CM4-8,0.9612183238007745,6.302249858350667,7.434565292921982,0.7891129510702378,16
GISS-E2-1-G,0.9537886742986343,6.569341265172781,7.434565292921982,0.7818136048975197,17
MIROC6,0.9576342976709351,7.954816474425561,7.434565292921982,0.7814164765485978,18
BCC-ESM1,0.9421723108125571,6.389345888800973,7.434565292921982,0.7559090330008416,19
KACE-1-0-G,0.9431472158075931,6.222777955282038,7.434565292921982,0.7532823230337252,20
